row_idx	col_idx	log2ratio
1	1	-4
2	1	7
3	1	-4
4	1	-4
5	1	5
6	1	7
7	1	0
8	1	4
9	1	7
10	1	3
11	1	1
12	1	1
13	1	-1
14	1	4
15	1	-1
16	1	-7
17	1	9
18	1	7
19	1	4
20	1	9
21	1	10
22	1	9
23	1	9
24	1	-5
25	1	3
26	1	9
27	1	3
28	1	6
29	1	-8
30	1	6
31	1	6
32	1	6
33	1	7
34	1	1
35	1	5
36	1	6
37	1	8
38	1	2
39	1	2
40	1	-3
41	1	-2
42	1	-4
43	1	10
1	2	-4
2	2	1
3	2	0
4	2	2
5	2	1
6	2	4
7	2	0
8	2	5
9	2	1
10	2	-3
11	2	5
12	2	-3
13	2	1
14	2	-7
15	2	-6
16	2	-6
17	2	-1
18	2	-2
19	2	-4
20	2	4
21	2	3
22	2	2
23	2	0
24	2	3
25	2	4
26	2	9
27	2	4
28	2	7
29	2	-7
30	2	1
31	2	1
32	2	-9
33	2	-8
34	2	7
35	2	2
36	2	2
37	2	7
38	2	8
39	2	-2
40	2	-3
41	2	-3
42	2	-5
43	2	10
1	3	-10
2	3	3
3	3	1
4	3	9
5	3	-7
6	3	8
7	3	-5
8	3	10
9	3	4
10	3	4
11	3	0
12	3	-9
13	3	-10
14	3	6
15	3	-6
16	3	-8
17	3	4
18	3	4
19	3	5
20	3	3
21	3	7
22	3	-6
23	3	-5
24	3	-9
25	3	0
26	3	-2
27	3	-6
28	3	-8
29	3	6
30	3	-4
31	3	5
32	3	-2
33	3	7
34	3	-2
35	3	-9
36	3	-5
37	3	-8
38	3	-9
39	3	-6
40	3	0
41	3	5
42	3	5
43	3	10
1	4	9
2	4	-9
3	4	-10
4	4	-10
5	4	3
6	4	0
7	4	-9
8	4	-10
9	4	-8
10	4	-8
11	4	-9
12	4	-3
13	4	-6
14	4	2
15	4	-9
16	4	-10
17	4	5
18	4	3
19	4	6
20	4	-9
21	4	-10
22	4	-7
23	4	-8
24	4	9
25	4	9
26	4	8
27	4	9
28	4	8
29	4	6
30	4	-8
31	4	-9
32	4	-8
33	4	-9
34	4	2
35	4	-4
36	4	-6
37	4	-6
38	4	1
39	4	-1
40	4	-9
41	4	-9
42	4	-6
43	4	10
1	5	9
2	5	6
3	5	6
4	5	7
5	5	0
6	5	2
7	5	4
8	5	5
9	5	6
10	5	9
11	5	10
12	5	8
13	5	9
14	5	0
15	5	8
16	5	9
17	5	-1
18	5	-5
19	5	-1
20	5	-6
21	5	-5
22	5	-4
23	5	-4
24	5	-2
25	5	4
26	5	3
27	5	4
28	5	3
29	5	2
30	5	3
31	5	2
32	5	-1
33	5	-1
34	5	4
35	5	9
36	5	8
37	5	7
38	5	9
39	5	6
40	5	-1
41	5	-1
42	5	-4
43	5	10
1	6	-4
2	6	10
3	6	1
4	6	4
5	6	-7
6	6	-5
7	6	-5
8	6	-3
9	6	10
10	6	10
11	6	9
12	6	9
13	6	5
14	6	8
15	6	7
16	6	-1
17	6	9
18	6	6
19	6	9
20	6	-1
21	6	-4
22	6	-3
23	6	-6
24	6	7
25	6	7
26	6	8
27	6	6
28	6	5
29	6	3
30	6	10
31	6	10
32	6	3
33	6	3
34	6	9
35	6	8
36	6	9
37	6	8
38	6	8
39	6	5
40	6	-4
41	6	-4
42	6	-6
43	6	10
1	7	-4
2	7	-3
3	7	-8
4	7	-9
5	7	-3
6	7	0
7	7	-8
8	7	-6
9	7	-3
10	7	-1
11	7	-2
12	7	-2
13	7	-4
14	7	1
15	7	-6
16	7	-5
17	7	-3
18	7	-1
19	7	4
20	7	-8
21	7	-9
22	7	-9
23	7	-9
24	7	7
25	7	6
26	7	2
27	7	5
28	7	2
29	7	9
30	7	-5
31	7	-3
32	7	-8
33	7	-7
34	7	4
35	7	-1
36	7	-1
37	7	2
38	7	4
39	7	-4
40	7	-6
41	7	-6
42	7	-6
43	7	10
1	8	5
2	8	9
3	8	-3
4	8	-4
5	8	10
6	8	10
7	8	9
8	8	9
9	8	9
10	8	10
11	8	6
12	8	9
13	8	5
14	8	9
15	8	7
16	8	0
17	8	8
18	8	8
19	8	9
20	8	3
21	8	-4
22	8	3
23	8	-3
24	8	10
25	8	7
26	8	6
27	8	7
28	8	4
29	8	8
30	8	0
31	8	-1
32	8	-3
33	8	-3
34	8	3
35	8	-8
36	8	-9
37	8	1
38	8	-7
39	8	-8
40	8	-8
41	8	-7
42	8	-6
43	8	10
1	9	-4
2	9	-4
3	9	1
4	9	3
5	9	-6
6	9	-4
7	9	-5
8	9	-2
9	9	-4
10	9	-7
11	9	-1
12	9	-7
13	9	-2
14	9	-9
15	9	-10
16	9	-9
17	9	-7
18	9	-5
19	9	-2
20	9	-6
21	9	-6
22	9	-7
23	9	-7
24	9	-4
25	9	10
26	9	10
27	9	9
28	9	10
29	9	2
30	9	0
31	9	0
32	9	0
33	9	2
34	9	-1
35	9	6
36	9	7
37	9	-4
38	9	5
39	9	8
40	9	1
41	9	2
42	9	4
43	9	10
1	10	5
2	10	0
3	10	-4
4	10	-6
5	10	7
6	10	7
7	10	2
8	10	3
9	10	1
10	10	2
11	10	4
12	10	3
13	10	4
14	10	-1
15	10	-2
16	10	1
17	10	-6
18	10	-4
19	10	1
20	10	-7
21	10	-2
22	10	-8
23	10	-1
24	10	-10
25	10	7
26	10	3
27	10	7
28	10	3
29	10	8
30	10	-3
31	10	-4
32	10	3
33	10	2
34	10	-4
35	10	-2
36	10	-3
37	10	9
38	10	-3
39	10	-7
40	10	-4
41	10	-4
42	10	-7
43	10	10
1	11	5
2	11	-8
3	11	-9
4	11	-10
5	11	-2
6	11	-1
7	11	-9
8	11	-9
9	11	-8
10	11	-10
11	11	-10
12	11	-8
13	11	-9
14	11	5
15	11	-8
16	11	-9
17	11	7
18	11	9
19	11	5
20	11	6
21	11	8
22	11	6
23	11	8
24	11	-4
25	11	0
26	11	1
27	11	-1
28	11	0
29	11	0
30	11	0
31	11	-1
32	11	-1
33	11	-1
34	11	2
35	11	2
36	11	1
37	11	-5
38	11	3
39	11	5
40	11	-10
41	11	-9
42	11	-8
43	11	10
1	12	5
2	12	-1
3	12	6
4	12	6
5	12	4
6	12	4
7	12	6
8	12	6
9	12	-1
10	12	1
11	12	7
12	12	2
13	12	6
14	12	-4
15	12	3
16	12	8
17	12	-8
18	12	-8
19	12	-5
20	12	-4
21	12	-1
22	12	-4
23	12	0
24	12	-7
25	12	-2
26	12	-2
27	12	-1
28	12	-3
29	12	3
30	12	1
31	12	-1
32	12	2
33	12	1
34	12	0
35	12	1
36	12	0
37	12	2
38	12	1
39	12	0
40	12	-2
41	12	-2
42	12	-1
43	12	10
1	13	9
2	13	-7
3	13	5
4	13	4
5	13	3
6	13	0
7	13	5
8	13	1
9	13	-6
10	13	-6
11	13	-1
12	13	-1
13	13	4
14	13	-8
15	13	2
16	13	7
17	13	-9
18	13	-8
19	13	-9
20	13	0
21	13	-4
22	13	3
23	13	-1
24	13	8
25	13	-6
26	13	-2
27	13	-4
28	13	-3
29	13	-6
30	13	5
31	13	2
32	13	9
33	13	8
34	13	-6
35	13	1
36	13	-1
37	13	3
38	13	-4
39	13	0
40	13	9
41	13	9
42	13	8
43	13	10
1	14	5
2	14	-1
3	14	-7
4	14	-8
5	14	-5
6	14	-5
7	14	-8
8	14	-8
9	14	-1
10	14	2
11	14	-6
12	14	3
13	14	-4
14	14	8
15	14	8
16	14	5
17	14	7
18	14	5
19	14	4
20	14	1
21	14	-1
22	14	1
23	14	-1
24	14	6
25	14	-9
26	14	-7
27	14	-8
28	14	-7
29	14	-6
30	14	-1
31	14	-2
32	14	-6
33	14	-6
34	14	5
35	14	9
36	14	9
37	14	4
38	14	9
39	14	8
40	14	3
41	14	2
42	14	1
43	14	10
1	15	5
2	15	4
3	15	0
4	15	-1
5	15	-1
6	15	0
7	15	-2
8	15	-2
9	15	4
10	15	9
11	15	3
12	15	8
13	15	3
14	15	9
15	15	8
16	15	5
17	15	8
18	15	4
19	15	8
20	15	-6
21	15	-6
22	15	-6
23	15	-5
24	15	-6
25	15	2
26	15	1
27	15	2
28	15	0
29	15	5
30	15	6
31	15	5
32	15	-2
33	15	-3
34	15	6
35	15	6
36	15	5
37	15	-5
38	15	6
39	15	8
40	15	8
41	15	8
42	15	10
43	15	10
1	16	5
2	16	5
3	16	8
4	16	8
5	16	-10
6	16	10
7	16	-6
8	16	-6
9	16	5
10	16	4
11	16	2
12	16	5
13	16	2
14	16	5
15	16	3
16	16	-2
17	16	7
18	16	5
19	16	4
20	16	6
21	16	6
22	16	7
23	16	6
24	16	1
25	16	3
26	16	3
27	16	4
28	16	4
29	16	-1
30	16	8
31	16	9
32	16	-4
33	16	-4
34	16	9
35	16	5
36	16	4
37	16	10
38	16	6
39	16	-2
40	16	-6
41	16	-6
42	16	-9
43	16	10
1	17	5
2	17	1
3	17	2
4	17	1
5	17	-4
6	17	-4
7	17	-3
8	17	-3
9	17	2
10	17	1
11	17	-4
12	17	1
13	17	-2
14	17	5
15	17	1
16	17	2
17	17	2
18	17	4
19	17	4
20	17	2
21	17	4
22	17	3
23	17	4
24	17	-5
25	17	0
26	17	-2
27	17	0
28	17	-1
29	17	7
30	17	-3
31	17	-4
32	17	3
33	17	1
34	17	-4
35	17	-5
36	17	-5
37	17	8
38	17	-5
39	17	-8
40	17	-9
41	17	-9
42	17	-10
43	17	10
1	18	5
2	18	2
3	18	-6
4	18	-7
5	18	2
6	18	3
7	18	-4
8	18	-4
9	18	2
10	18	-1
11	18	-5
12	18	0
13	18	-3
14	18	5
15	18	3
16	18	4
17	18	1
18	18	6
19	18	1
20	18	8
21	18	8
22	18	8
23	18	8
24	18	0
25	18	-3
26	18	-5
27	18	-3
28	18	-5
29	18	5
30	18	-9
31	18	-9
32	18	-4
33	18	-4
34	18	-6
35	18	-8
36	18	-8
37	18	3
38	18	-7
39	18	-9
40	18	3
41	18	3
42	18	1
43	18	10
1	19	-9
2	19	2
3	19	-6
4	19	-4
5	19	-10
6	19	-5
7	19	-9
8	19	-6
9	19	2
10	19	-3
11	19	-7
12	19	-9
13	19	-9
14	19	6
15	19	-5
16	19	-5
17	19	-1
18	19	8
19	19	3
20	19	9
21	19	9
22	19	7
23	19	5
24	19	5
25	19	-5
26	19	-8
27	19	-7
28	19	-9
29	19	9
30	19	-3
31	19	2
32	19	-7
33	19	-2
34	19	5
35	19	3
36	19	5
37	19	-4
38	19	6
39	19	5
40	19	5
41	19	8
42	19	7
43	19	10
1	20	9
2	20	8
3	20	4
4	20	2
5	20	8
6	20	6
7	20	8
8	20	6
9	20	8
10	20	7
11	20	5
12	20	10
13	20	8
14	20	7
15	20	5
16	20	2
17	20	7
18	20	7
19	20	8
20	20	6
21	20	3
22	20	8
23	20	5
24	20	7
25	20	8
26	20	6
27	20	8
28	20	8
29	20	8
30	20	9
31	20	9
32	20	4
33	20	1
34	20	7
35	20	-3
36	20	-4
37	20	6
38	20	-3
39	20	-6
40	20	4
41	20	2
42	20	1
43	20	10
1	21	5
2	21	-2
3	21	9
4	21	9
5	21	2
6	21	2
7	21	8
8	21	8
9	21	-2
10	21	-4
11	21	-3
12	21	-2
13	21	-1
14	21	-2
15	21	1
16	21	4
17	21	-1
18	21	0
19	21	-3
20	21	6
21	21	5
22	21	5
23	21	5
24	21	2
25	21	-5
26	21	-3
27	21	-4
28	21	-3
29	21	-5
30	21	-6
31	21	-6
32	21	-6
33	21	-6
34	21	0
35	21	-7
36	21	-7
37	21	-1
38	21	-4
39	21	-7
40	21	8
41	21	7
42	21	7
43	21	10
1	22	-4
2	22	5
3	22	-8
4	22	-8
5	22	-9
6	22	-6
7	22	-10
8	22	-8
9	22	5
10	22	6
11	22	-6
12	22	1
13	22	-8
14	22	10
15	22	8
16	22	-3
17	22	10
18	22	10
19	22	10
20	22	7
21	22	2
22	22	2
23	22	-2
24	22	8
25	22	-6
26	22	-8
27	22	-8
28	22	-9
29	22	3
30	22	-10
31	22	-9
32	22	-10
33	22	-9
34	22	2
35	22	-3
36	22	-2
37	22	-2
38	22	5
39	22	-2
40	22	2
41	22	4
42	22	4
43	22	10
1	23	9
2	23	-2
3	23	7
4	23	5
5	23	5
6	23	3
7	23	7
8	23	4
9	23	-1
10	23	0
11	23	1
12	23	4
13	23	7
14	23	-2
15	23	9
16	23	10
17	23	-2
18	23	-4
19	23	-7
20	23	4
21	23	3
22	23	6
23	23	5
24	23	2
25	23	-8
26	23	-5
27	23	-7
28	23	-5
29	23	-9
30	23	-1
31	23	-5
32	23	10
33	23	10
34	23	-10
35	23	8
36	23	8
37	23	2
38	23	0
39	23	8
40	23	2
41	23	0
42	23	0
43	23	10
1	24	5
2	24	7
3	24	8
4	24	8
5	24	3
6	24	4
7	24	7
8	24	8
9	24	7
10	24	5
11	24	10
12	24	6
13	24	10
14	24	-6
15	24	7
16	24	9
17	24	-5
18	24	-4
19	24	-6
20	24	8
21	24	9
22	24	8
23	24	9
24	24	-3
25	24	2
26	24	6
27	24	2
28	24	4
29	24	-6
30	24	-6
31	24	-6
32	24	-3
33	24	-4
34	24	-3
35	24	7
36	24	8
37	24	-1
38	24	8
39	24	7
40	24	8
41	24	8
42	24	9
43	24	10
1	25	-9
2	25	0
3	25	-8
4	25	-6
5	25	-10
6	25	-10
7	25	-10
8	25	-9
9	25	0
10	25	1
11	25	3
12	25	-6
13	25	-7
14	25	-2
15	25	-7
16	25	-8
17	25	-4
18	25	-4
19	25	0
20	25	-6
21	25	-8
22	25	-9
23	25	-10
24	25	8
25	25	6
26	25	6
27	25	2
28	25	1
29	25	5
30	25	-4
31	25	1
32	25	-6
33	25	-1
34	25	3
35	25	4
36	25	7
37	25	-10
38	25	6
39	25	9
40	25	-5
41	25	-4
42	25	0
43	25	10
1	26	-10
2	26	-7
3	26	-10
4	26	-10
5	26	-10
6	26	-8
7	26	-10
8	26	-10
9	26	-6
10	26	-10
11	26	-10
12	26	-10
13	26	-10
14	26	8
15	26	-10
16	26	-10
17	26	6
18	26	10
19	26	9
20	26	8
21	26	6
22	26	-4
23	26	-5
24	26	4
25	26	-1
26	26	-5
27	26	-6
28	26	-10
29	26	10
30	26	-10
31	26	-3
32	26	-1
33	26	8
34	26	-8
35	26	-2
36	26	3
37	26	-10
38	26	-1
39	26	7
40	26	-2
41	26	4
42	26	8
43	26	10
1	27	5
2	27	9
3	27	5
4	27	6
5	27	7
6	27	7
7	27	7
8	27	7
9	27	9
10	27	8
11	27	9
12	27	7
13	27	9
14	27	0
15	27	-4
16	27	-7
17	27	6
18	27	2
19	27	6
20	27	-2
21	27	-6
22	27	-2
23	27	-4
24	27	7
25	27	10
26	27	10
27	27	10
28	27	10
29	27	4
30	27	7
31	27	7
32	27	8
33	27	7
34	27	2
35	27	-1
36	27	-1
37	27	-1
38	27	-5
39	27	0
40	27	-8
41	27	-8
42	27	-7
43	27	10
1	28	-4
2	28	-8
3	28	10
4	28	10
5	28	-5
6	28	-2
7	28	5
8	28	8
9	28	-7
10	28	-7
11	28	-6
12	28	-7
13	28	-7
14	28	-4
15	28	-2
16	28	-1
17	28	-4
18	28	-2
19	28	-7
20	28	2
21	28	4
22	28	0
23	28	2
24	28	-3
25	28	-8
26	28	-6
27	28	-8
28	28	-6
29	28	-8
30	28	3
31	28	4
32	28	8
33	28	9
34	28	-5
35	28	4
36	28	4
37	28	-1
38	28	-1
39	28	4
40	28	10
41	28	10
42	28	10
43	28	10
1	29	9
2	29	0
3	29	3
4	29	0
5	29	5
6	29	2
7	29	5
8	29	1
9	29	1
10	29	4
11	29	4
12	29	7
13	29	8
14	29	3
15	29	7
16	29	5
17	29	6
18	29	-2
19	29	2
20	29	-7
21	29	-7
22	29	-5
23	29	-3
24	29	-6
25	29	1
26	29	3
27	29	3
28	29	4
29	29	-3
30	29	3
31	29	0
32	29	10
33	29	10
34	29	-9
35	29	9
36	29	9
37	29	3
38	29	3
39	29	9
40	29	0
41	29	-2
42	29	-2
43	29	10
1	30	-4
2	30	-9
3	30	-4
4	30	-2
5	30	-1
6	30	6
7	30	-3
8	30	3
9	30	-9
10	30	-1
11	30	1
12	30	-6
13	30	-5
14	30	-3
15	30	6
16	30	7
17	30	-5
18	30	-10
19	30	-9
20	30	-8
21	30	-9
22	30	-9
23	30	-9
24	30	5
25	30	-10
26	30	-10
27	30	-10
28	30	-10
29	30	-10
30	30	-2
31	30	0
32	30	1
33	30	4
34	30	-3
35	30	-7
36	30	-6
37	30	-8
38	30	-6
39	30	-3
40	30	5
41	30	6
42	30	8
43	30	10
1	31	9
2	31	-8
3	31	7
4	31	7
5	31	-9
6	31	-10
7	31	-4
8	31	-7
9	31	-7
10	31	-9
11	31	0
12	31	-5
13	31	6
14	31	-10
15	31	-8
16	31	-4
17	31	-10
18	31	-9
19	31	-10
20	31	-2
21	31	-1
22	31	-1
23	31	2
24	31	-2
25	31	5
26	31	8
27	31	6
28	31	9
29	31	-5
30	31	-6
31	31	-8
32	31	0
33	31	-2
34	31	-6
35	31	10
36	31	10
37	31	5
38	31	10
39	31	10
40	31	-1
41	31	-3
42	31	-3
43	31	10
1	32	9
2	32	-9
3	32	-5
4	32	-7
5	32	7
6	32	5
7	32	1
8	32	-2
9	32	-8
10	32	-9
11	32	-8
12	32	-4
13	32	-5
14	32	-3
15	32	-1
16	32	1
17	32	-5
18	32	0
19	32	-3
20	32	3
21	32	3
22	32	5
23	32	6
24	32	-2
25	32	-6
26	32	-6
27	32	-5
28	32	-4
29	32	-3
30	32	-8
31	32	-10
32	32	7
33	32	5
34	32	-9
35	32	-3
36	32	-4
37	32	1
38	32	-6
39	32	-5
40	32	-4
41	32	-5
42	32	-4
43	32	10
1	33	-4
2	33	-2
3	33	-3
4	33	-3
5	33	1
6	33	5
7	33	-2
8	33	2
9	33	-2
10	33	-1
11	33	-3
12	33	-3
13	33	-5
14	33	1
15	33	4
16	33	7
17	33	-4
18	33	0
19	33	-3
20	33	3
21	33	5
22	33	1
23	33	3
24	33	-2
25	33	-8
26	33	-9
27	33	-9
28	33	-9
29	33	1
30	33	-3
31	33	-2
32	33	5
33	33	6
34	33	-7
35	33	-4
36	33	-3
37	33	4
38	33	-6
39	33	-6
40	33	-2
41	33	-1
42	33	-2
43	33	10
1	34	5
2	34	5
3	34	-1
4	34	-2
5	34	0
6	34	1
7	34	-1
8	34	-1
9	34	5
10	34	2
11	34	6
12	34	3
13	34	5
14	34	-1
15	34	0
16	34	0
17	34	0
18	34	2
19	34	0
20	34	7
21	34	0
22	34	8
23	34	1
24	34	10
25	34	4
26	34	5
27	34	5
28	34	5
29	34	1
30	34	-2
31	34	-3
32	34	-2
33	34	-3
34	34	0
35	34	5
36	34	5
37	34	2
38	34	6
39	34	4
40	34	-7
41	34	-7
42	34	-7
43	34	10
1	35	9
2	35	-6
3	35	3
4	35	1
5	35	4
6	35	1
7	35	4
8	35	0
9	35	-6
10	35	-6
11	35	-5
12	35	-1
13	35	1
14	35	-3
15	35	2
16	35	3
17	35	1
18	35	-2
19	35	-6
20	35	1
21	35	6
22	35	4
23	35	8
24	35	-9
25	35	-7
26	35	-3
27	35	-5
28	35	-1
29	35	-10
30	35	-7
31	35	-8
32	35	10
33	35	10
34	35	-10
35	35	3
36	35	1
37	35	8
38	35	-8
39	35	-3
40	35	7
41	35	6
42	35	2
43	35	10
1	36	5
2	36	-10
3	36	-3
4	36	-5
5	36	-3
6	36	-3
7	36	-5
8	36	-5
9	36	-10
10	36	-10
11	36	-10
12	36	-10
13	36	-9
14	36	-6
15	36	-7
16	36	-6
17	36	-6
18	36	-9
19	36	-8
20	36	-10
21	36	-10
22	36	-10
23	36	-10
24	36	0
25	36	-10
26	36	-8
27	36	-9
28	36	-8
29	36	-9
30	36	-9
31	36	-10
32	36	8
33	36	9
34	36	-10
35	36	-6
36	36	-6
37	36	-8
38	36	-9
39	36	-3
40	36	-1
41	36	-1
42	36	3
43	36	10
1	37	9
2	37	-4
3	37	8
4	37	7
5	37	-7
6	37	-9
7	37	-2
8	37	-4
9	37	-3
10	37	-4
11	37	4
12	37	0
13	37	7
14	37	-8
15	37	-4
16	37	-2
17	37	-6
18	37	-8
19	37	-5
20	37	-6
21	37	-3
22	37	-3
23	37	-1
24	37	-5
25	37	4
26	37	8
27	37	6
28	37	9
29	37	-4
30	37	-1
31	37	-4
32	37	8
33	37	7
34	37	-8
35	37	9
36	37	9
37	37	9
38	37	7
39	37	7
40	37	-7
41	37	-8
42	37	-9
43	37	10
1	38	9
2	38	1
3	38	6
4	38	5
5	38	4
6	38	2
7	38	6
8	38	3
9	38	2
10	38	4
11	38	4
12	38	7
13	38	8
14	38	4
15	38	10
16	38	10
17	38	0
18	38	-2
19	38	-1
20	38	-2
21	38	-3
22	38	1
23	38	0
24	38	1
25	38	-7
26	38	-8
27	38	-6
28	38	-6
29	38	0
30	38	7
31	38	7
32	38	7
33	38	6
34	38	3
35	38	3
36	38	1
37	38	0
38	38	-1
39	38	3
40	38	2
41	38	1
42	38	2
43	38	10
1	39	5
2	39	-1
3	39	0
4	39	-1
5	39	-9
6	39	-9
7	39	-7
8	39	-7
9	39	0
10	39	0
11	39	6
12	39	1
13	39	5
14	39	-5
15	39	-5
16	39	-3
17	39	-7
18	39	-5
19	39	-1
20	39	-8
21	39	-6
22	39	-8
23	39	-6
24	39	-10
25	39	9
26	39	7
27	39	8
28	39	7
29	39	7
30	39	0
31	39	-1
32	39	-10
33	39	-10
34	39	10
35	39	-1
36	39	-1
37	39	2
38	39	9
39	39	-1
40	39	-5
41	39	-6
42	39	-5
43	39	10
1	40	5
2	40	3
3	40	0
4	40	-1
5	40	9
6	40	9
7	40	9
8	40	9
9	40	4
10	40	3
11	40	1
12	40	4
13	40	2
14	40	3
15	40	2
16	40	3
17	40	3
18	40	3
19	40	3
20	40	2
21	40	7
22	40	3
23	40	7
24	40	-9
25	40	3
26	40	2
27	40	3
28	40	2
29	40	4
30	40	-4
31	40	-5
32	40	4
33	40	3
34	40	-6
35	40	-10
36	40	-10
37	40	10
38	40	-10
39	40	-10
40	40	7
41	40	7
42	40	0
43	40	-4
1	41	5
2	41	10
3	41	2
4	41	1
5	41	9
6	41	9
7	41	9
8	41	10
9	41	10
10	41	10
11	41	6
12	41	9
13	41	6
14	41	8
15	41	9
16	41	8
17	41	6
18	41	9
19	41	7
20	41	10
21	41	10
22	41	10
23	41	10
24	41	5
25	41	-1
26	41	-3
27	41	0
28	41	-3
29	41	8
30	41	3
31	41	2
32	41	6
33	41	5
34	41	-3
35	41	-9
36	41	-9
37	41	3
38	41	-9
39	41	-9
40	41	7
41	41	7
42	41	5
43	41	-4
1	42	5
2	42	6
3	42	9
4	42	9
5	42	-4
6	42	-4
7	42	3
8	42	4
9	42	6
10	42	7
11	42	7
12	42	7
13	42	6
14	42	6
15	42	9
16	42	9
17	42	2
18	42	3
19	42	1
20	42	6
21	42	3
22	42	6
23	42	4
24	42	6
25	42	-2
26	42	-3
27	42	-2
28	42	-4
29	42	3
30	42	9
31	42	10
32	42	6
33	42	6
34	42	7
35	42	6
36	42	6
37	42	7
38	42	3
39	42	3
40	42	2
41	42	1
42	42	-2
43	42	-4
1	43	-4
2	43	-2
3	43	-2
4	43	-2
5	43	-6
6	43	-5
7	43	-7
8	43	-5
9	43	-2
10	43	-4
11	43	2
12	43	-5
13	43	0
14	43	-7
15	43	-6
16	43	-4
17	43	-6
18	43	-5
19	43	-6
20	43	0
21	43	4
22	43	-2
23	43	3
24	43	-8
25	43	3
26	43	5
27	43	1
28	43	3
29	43	-4
30	43	-10
31	43	-10
32	43	-8
33	43	-8
34	43	-4
35	43	-9
36	43	-8
37	43	9
38	43	-4
39	43	-9
40	43	3
41	43	4
42	43	-2
43	43	-4
1	44	-4
2	44	-1
3	44	-5
4	44	-4
5	44	-8
6	44	-2
7	44	-8
8	44	-5
9	44	0
10	44	-1
11	44	4
12	44	-5
13	44	-3
14	44	-5
15	44	-5
16	44	-2
17	44	-8
18	44	-5
19	44	-3
20	44	-3
21	44	2
22	44	-5
23	44	-3
24	44	-7
25	44	1
26	44	0
27	44	-1
28	44	-2
29	44	4
30	44	-6
31	44	-2
32	44	-6
33	44	-2
34	44	0
35	44	2
36	44	3
37	44	6
38	44	4
39	44	-1
40	44	-6
41	44	-5
42	44	-8
43	44	-4
1	45	9
2	45	8
3	45	10
4	45	10
5	45	-2
6	45	-6
7	45	10
8	45	8
9	45	8
10	45	6
11	45	9
12	45	9
13	45	10
14	45	0
15	45	10
16	45	10
17	45	2
18	45	2
19	45	-2
20	45	10
21	45	10
22	45	10
23	45	10
24	45	-8
25	45	-2
26	45	0
27	45	-1
28	45	2
29	45	-7
30	45	5
31	45	4
32	45	10
33	45	10
34	45	-7
35	45	10
36	45	10
37	45	10
38	45	7
39	45	3
40	45	-9
41	45	-10
42	45	-10
43	45	-4
1	46	5
2	46	7
3	46	3
4	46	3
5	46	10
6	46	10
7	46	10
8	46	10
9	46	7
10	46	8
11	46	7
12	46	7
13	46	6
14	46	7
15	46	5
16	46	2
17	46	7
18	46	5
19	46	7
20	46	0
21	46	-4
22	46	0
23	46	-3
24	46	8
25	46	6
26	46	5
27	46	6
28	46	5
29	46	5
30	46	10
31	46	10
32	46	3
33	46	2
34	46	8
35	46	-10
36	46	-10
37	46	0
38	46	-10
39	46	-10
40	46	6
41	46	6
42	46	6
43	46	-4
1	47	5
2	47	3
3	47	7
4	47	8
5	47	8
6	47	8
7	47	9
8	47	9
9	47	3
10	47	3
11	47	8
12	47	5
13	47	7
14	47	-1
15	47	6
16	47	8
17	47	-4
18	47	-1
19	47	-2
20	47	4
21	47	8
22	47	4
23	47	8
24	47	-8
25	47	-3
26	47	-4
27	47	-2
28	47	-1
29	47	0
30	47	-1
31	47	-2
32	47	9
33	47	9
34	47	-9
35	47	4
36	47	3
37	47	5
38	47	-2
39	47	1
40	47	6
41	47	6
42	47	3
43	47	-4
1	48	-4
2	48	1
3	48	-7
4	48	-7
5	48	9
6	48	10
7	48	4
8	48	7
9	48	1
10	48	0
11	48	-2
12	48	-2
13	48	-4
14	48	2
15	48	-1
16	48	-4
17	48	5
18	48	3
19	48	3
20	48	1
21	48	5
22	48	-1
23	48	3
24	48	-7
25	48	1
26	48	2
27	48	0
28	48	2
29	48	-1
30	48	2
31	48	3
32	48	6
33	48	6
34	48	-3
35	48	-5
36	48	-4
37	48	5
38	48	-8
39	48	-8
40	48	4
41	48	4
42	48	0
43	48	-4
1	49	5
2	49	9
3	49	6
4	49	6
5	49	10
6	49	10
7	49	10
8	49	10
9	49	9
10	49	10
11	49	8
12	49	10
13	49	8
14	49	9
15	49	5
16	49	4
17	49	4
18	49	6
19	49	10
20	49	-7
21	49	-8
22	49	-6
23	49	-8
24	49	6
25	49	10
26	49	5
27	49	10
28	49	6
29	49	10
30	49	10
31	49	10
32	49	2
33	49	0
34	49	10
35	49	-10
36	49	-10
37	49	6
38	49	-10
39	49	-10
40	49	9
41	49	9
42	49	6
43	49	-4
1	50	9
2	50	7
3	50	-5
4	50	-7
5	50	9
6	50	9
7	50	7
8	50	4
9	50	7
10	50	6
11	50	-1
12	50	9
13	50	3
14	50	10
15	50	6
16	50	-3
17	50	10
18	50	9
19	50	10
20	50	1
21	50	1
22	50	4
23	50	3
24	50	3
25	50	6
26	50	4
27	50	7
28	50	7
29	50	2
30	50	7
31	50	6
32	50	6
33	50	3
34	50	4
35	50	-6
36	50	-7
37	50	-6
38	50	-8
39	50	-4
40	50	4
41	50	3
42	50	7
43	50	-4
1	51	5
2	51	-4
3	51	-8
4	51	-9
5	51	-6
6	51	-7
7	51	-8
8	51	-9
9	51	-4
10	51	1
11	51	-7
12	51	2
13	51	-6
14	51	9
15	51	4
16	51	3
17	51	5
18	51	4
19	51	7
20	51	-8
21	51	-9
22	51	-8
23	51	-9
24	51	9
25	51	-3
26	51	-9
27	51	-2
28	51	-8
29	51	10
30	51	2
31	51	1
32	51	-9
33	51	-10
34	51	9
35	51	-6
36	51	-7
37	51	-3
38	51	1
39	51	-6
40	51	-8
41	51	-8
42	51	-5
43	51	-4
1	52	5
2	52	-4
3	52	4
4	52	5
5	52	-2
6	52	-2
7	52	-1
8	52	-1
9	52	-4
10	52	-5
11	52	-2
12	52	-3
13	52	0
14	52	-4
15	52	4
16	52	6
17	52	-2
18	52	-2
19	52	-8
20	52	7
21	52	6
22	52	7
23	52	6
24	52	2
25	52	-9
26	52	-6
27	52	-9
28	52	-6
29	52	-10
30	52	2
31	52	0
32	52	2
33	52	0
34	52	1
35	52	3
36	52	2
37	52	4
38	52	3
39	52	1
40	52	6
41	52	5
42	52	3
43	52	-4
1	53	5
2	53	-5
3	53	1
4	53	0
5	53	2
6	53	3
7	53	1
8	53	2
9	53	-5
10	53	-4
11	53	-9
12	53	-2
13	53	-8
14	53	7
15	53	8
16	53	7
17	53	4
18	53	6
19	53	2
20	53	5
21	53	4
22	53	5
23	53	4
24	53	0
25	53	-10
26	53	-10
27	53	-10
28	53	-10
29	53	2
30	53	6
31	53	6
32	53	5
33	53	4
34	53	3
35	53	1
36	53	0
37	53	-4
38	53	-1
39	53	3
40	53	3
41	53	3
42	53	4
43	53	-4
1	54	5
2	54	8
3	54	-7
4	54	-8
5	54	6
6	54	7
7	54	-1
8	54	-1
9	54	8
10	54	9
11	54	5
12	54	8
13	54	4
14	54	7
15	54	5
16	54	-2
17	54	9
18	54	7
19	54	8
20	54	0
21	54	1
22	54	0
23	54	1
24	54	-1
25	54	6
26	54	4
27	54	6
28	54	6
29	54	3
30	54	7
31	54	8
32	54	-5
33	54	-6
34	54	8
35	54	-1
36	54	-2
37	54	-7
38	54	0
39	54	2
40	54	-2
41	54	-2
42	54	2
43	54	-4
1	55	5
2	55	-5
3	55	10
4	55	10
5	55	-1
6	55	-1
7	55	8
8	55	8
9	55	-5
10	55	-6
11	55	-2
12	55	-4
13	55	0
14	55	-7
15	55	-6
16	55	-1
17	55	-9
18	55	-5
19	55	-4
20	55	-4
21	55	0
22	55	-3
23	55	0
24	55	-8
25	55	2
26	55	0
27	55	3
28	55	1
29	55	7
30	55	4
31	55	3
32	55	5
33	55	4
34	55	-1
35	55	7
36	55	6
37	55	-2
38	55	4
39	55	6
40	55	1
41	55	0
42	55	2
43	55	-4
1	56	10
2	56	0
3	56	8
4	56	6
5	56	-1
6	56	-7
7	56	4
8	56	-2
9	56	0
10	56	-3
11	56	8
12	56	5
13	56	10
14	56	-10
15	56	-3
16	56	3
17	56	-8
18	56	-9
19	56	-8
20	56	-2
21	56	3
22	56	3
23	56	7
24	56	-9
25	56	8
26	56	10
27	56	10
28	56	10
29	56	-3
30	56	-2
31	56	-6
32	56	-3
33	56	-7
34	56	1
35	56	10
36	56	10
37	56	9
38	56	10
39	56	9
40	56	6
41	56	3
42	56	-1
43	56	-4
1	57	5
2	57	4
3	57	10
4	57	10
5	57	-4
6	57	-4
7	57	5
8	57	5
9	57	4
10	57	3
11	57	10
12	57	4
13	57	10
14	57	-10
15	57	0
16	57	8
17	57	-10
18	57	-10
19	57	-9
20	57	1
21	57	4
22	57	1
23	57	4
24	57	-6
25	57	5
26	57	4
27	57	5
28	57	6
29	57	-1
30	57	-2
31	57	-4
32	57	4
33	57	3
34	57	-6
35	57	10
36	57	10
37	57	7
38	57	10
39	57	10
40	57	3
41	57	2
42	57	-3
43	57	-4
1	58	9
2	58	-5
3	58	-4
4	58	-6
5	58	0
6	58	-2
7	58	-3
8	58	-6
9	58	-5
10	58	-6
11	58	-6
12	58	-1
13	58	-1
14	58	-1
15	58	1
16	58	-1
17	58	3
18	58	1
19	58	-2
20	58	4
21	58	5
22	58	6
23	58	7
24	58	-3
25	58	-4
26	58	0
27	58	-3
28	58	0
29	58	-8
30	58	-7
31	58	-8
32	58	-1
33	58	-5
34	58	-5
35	58	6
36	58	5
37	58	-1
38	58	5
39	58	6
40	58	6
41	58	5
42	58	6
43	58	-4
1	59	5
2	59	2
3	59	-2
4	59	-4
5	59	8
6	59	8
7	59	6
8	59	7
9	59	3
10	59	-2
11	59	-5
12	59	-1
13	59	-2
14	59	3
15	59	2
16	59	0
17	59	5
18	59	7
19	59	0
20	59	10
21	59	9
22	59	10
23	59	10
24	59	6
25	59	-4
26	59	-4
27	59	-3
28	59	-2
29	59	-5
30	59	6
31	59	6
32	59	-7
33	59	-7
34	59	8
35	59	-9
36	59	-9
37	59	-2
38	59	-6
39	59	-8
40	59	9
41	59	9
42	59	8
43	59	-4
1	60	5
2	60	-7
3	60	9
4	60	9
5	60	-7
6	60	-7
7	60	-1
8	60	-1
9	60	-7
10	60	-8
11	60	-2
12	60	-6
13	60	0
14	60	-9
15	60	-3
16	60	3
17	60	-9
18	60	-7
19	60	-10
20	60	1
21	60	2
22	60	2
23	60	2
24	60	2
25	60	-4
26	60	-4
27	60	-3
28	60	-2
29	60	-6
30	60	-5
31	60	-6
32	60	-4
33	60	-5
34	60	-2
35	60	7
36	60	6
37	60	0
38	60	7
39	60	6
40	60	10
41	60	9
42	60	10
43	60	-4
1	61	5
2	61	8
3	61	4
4	61	4
5	61	-8
6	61	-8
7	61	-4
8	61	-5
9	61	8
10	61	5
11	61	3
12	61	6
13	61	3
14	61	5
15	61	-3
16	61	-5
17	61	4
18	61	8
19	61	7
20	61	7
21	61	5
22	61	8
23	61	6
24	61	6
25	61	10
26	61	10
27	61	10
28	61	9
29	61	9
30	61	4
31	61	3
32	61	-9
33	61	-9
34	61	9
35	61	2
36	61	2
37	61	6
38	61	7
39	61	-1
40	61	-6
41	61	-7
42	61	-8
43	61	-4
1	62	-4
2	62	4
3	62	3
4	62	5
5	62	3
6	62	7
7	62	3
8	62	7
9	62	5
10	62	6
11	62	8
12	62	5
13	62	3
14	62	2
15	62	9
16	62	9
17	62	0
18	62	-1
19	62	-2
20	62	6
21	62	7
22	62	4
23	62	6
24	62	-4
25	62	-7
26	62	-6
27	62	-6
28	62	-6
29	62	-2
30	62	4
31	62	5
32	62	7
33	62	8
34	62	-4
35	62	-1
36	62	-1
37	62	6
38	62	-4
39	62	-4
40	62	9
41	62	10
42	62	7
43	62	-4
1	63	-4
2	63	10
3	63	1
4	63	4
5	63	1
6	63	4
7	63	1
8	63	5
9	63	10
10	63	8
11	63	10
12	63	6
13	63	8
14	63	-1
15	63	-1
16	63	2
17	63	-2
18	63	5
19	63	2
20	63	9
21	63	8
22	63	9
23	63	7
24	63	9
25	63	9
26	63	9
27	63	8
28	63	8
29	63	7
30	63	2
31	63	3
32	63	-5
33	63	-3
34	63	5
35	63	0
36	63	0
37	63	4
38	63	2
39	63	-3
40	63	-5
41	63	-5
42	63	-8
43	63	-4
1	64	-4
2	64	-8
3	64	7
4	64	8
5	64	-10
6	64	-9
7	64	-6
8	64	-3
9	64	-8
10	64	-6
11	64	-4
12	64	-7
13	64	-5
14	64	-6
15	64	-1
16	64	5
17	64	-7
18	64	-7
19	64	-9
20	64	-1
21	64	0
22	64	-2
23	64	-2
24	64	0
25	64	-8
26	64	-9
27	64	-9
28	64	-8
29	64	-6
30	64	-9
31	64	-9
32	64	-10
33	64	-10
34	64	6
35	64	6
36	64	6
37	64	-7
38	64	10
39	64	9
40	64	7
41	64	8
42	64	9
43	64	-4
1	65	5
2	65	9
3	65	2
4	65	3
5	65	6
6	65	6
7	65	6
8	65	6
9	65	9
10	65	7
11	65	-3
12	65	7
13	65	-1
14	65	10
15	65	10
16	65	6
17	65	10
18	65	10
19	65	8
20	65	10
21	65	10
22	65	10
23	65	10
24	65	3
25	65	-6
26	65	-6
27	65	-5
28	65	-5
29	65	-2
30	65	5
31	65	5
32	65	7
33	65	6
34	65	-2
35	65	-4
36	65	-5
37	65	10
38	65	-9
39	65	-9
40	65	10
41	65	10
42	65	6
43	65	-4
1	66	-4
2	66	-3
3	66	-1
4	66	4
5	66	-5
6	66	1
7	66	-4
8	66	2
9	66	-3
10	66	-2
11	66	5
12	66	-6
13	66	-3
14	66	-6
15	66	1
16	66	7
17	66	-7
18	66	-8
19	66	-10
20	66	4
21	66	-2
22	66	-1
23	66	-6
24	66	10
25	66	-9
26	66	-9
27	66	-10
28	66	-9
29	66	-9
30	66	-9
31	66	-7
32	66	-4
33	66	0
34	66	-7
35	66	-4
36	66	-2
37	66	-4
38	66	-1
39	66	-1
40	66	-9
41	66	-9
42	66	-9
43	66	-4
1	67	5
2	67	-10
3	67	2
4	67	2
5	67	2
6	67	3
7	67	2
8	67	2
9	67	-10
10	67	-7
11	67	0
12	67	-4
13	67	1
14	67	-9
15	67	-8
16	67	-7
17	67	-6
18	67	-10
19	67	-5
20	67	-10
21	67	-9
22	67	-10
23	67	-9
24	67	-10
25	67	5
26	67	7
27	67	5
28	67	8
29	67	-4
30	67	-1
31	67	-3
32	67	-9
33	67	-9
34	67	6
35	67	-6
36	67	-6
37	67	-9
38	67	2
39	67	2
40	67	4
41	67	3
42	67	9
43	67	-4
1	68	9
2	68	-6
3	68	9
4	68	9
5	68	-8
6	68	-9
7	68	0
8	68	-3
9	68	-5
10	68	-3
11	68	3
12	68	2
13	68	7
14	68	-6
15	68	0
16	68	6
17	68	-8
18	68	-9
19	68	-4
20	68	-9
21	68	-8
22	68	-8
23	68	-7
24	68	-3
25	68	2
26	68	2
27	68	3
28	68	3
29	68	2
30	68	8
31	68	7
32	68	3
33	68	-1
34	68	6
35	68	4
36	68	2
37	68	5
38	68	3
39	68	1
40	68	-3
41	68	-3
42	68	-3
43	68	-4
1	69	9
2	69	-9
3	69	-6
4	69	-8
5	69	7
6	69	5
7	69	0
8	69	-4
9	69	-9
10	69	-10
11	69	-9
12	69	-9
13	69	-5
14	69	-9
15	69	-9
16	69	-6
17	69	-9
18	69	1
19	69	-8
20	69	8
21	69	7
22	69	9
23	69	9
24	69	4
25	69	-1
26	69	-1
27	69	0
28	69	1
29	69	0
30	69	5
31	69	3
32	69	1
33	69	-2
34	69	4
35	69	-2
36	69	-4
37	69	-6
38	69	-2
39	69	2
40	69	2
41	69	0
42	69	4
43	69	-4
1	70	9
2	70	-4
3	70	1
4	70	-1
5	70	4
6	70	2
7	70	3
8	70	0
9	70	-4
10	70	0
11	70	-4
12	70	4
13	70	2
14	70	4
15	70	4
16	70	4
17	70	1
18	70	-2
19	70	3
20	70	-9
21	70	-8
22	70	-7
23	70	-8
24	70	1
25	70	0
26	70	-1
27	70	1
28	70	-1
29	70	6
30	70	9
31	70	9
32	70	-1
33	70	-5
34	70	10
35	70	-7
36	70	-8
37	70	-9
38	70	-6
39	70	-4
40	70	0
41	70	-1
42	70	5
43	70	-4
1	71	9
2	71	2
3	71	-1
4	71	-3
5	71	5
6	71	4
7	71	3
8	71	0
9	71	3
10	71	8
11	71	9
12	71	10
13	71	10
14	71	0
15	71	10
16	71	10
17	71	-4
18	71	-8
19	71	-5
20	71	-3
21	71	-6
22	71	-1
23	71	-2
24	71	4
25	71	-9
26	71	-10
27	71	-8
28	71	-7
29	71	-4
30	71	8
31	71	8
32	71	-2
33	71	-6
34	71	8
35	71	7
36	71	7
37	71	-8
38	71	8
39	71	10
40	71	-1
41	71	-3
42	71	3
43	71	-4
1	72	-4
2	72	-10
3	72	-9
4	72	-9
5	72	-9
6	72	-4
7	72	-9
8	72	-7
9	72	-10
10	72	-9
11	72	-9
12	72	-10
13	72	-10
14	72	1
15	72	-9
16	72	-9
17	72	1
18	72	-1
19	72	0
20	72	-9
21	72	-7
22	72	-9
23	72	-8
24	72	-5
25	72	-3
26	72	-7
27	72	-6
28	72	-6
29	72	1
30	72	1
31	72	4
32	72	2
33	72	5
34	72	-1
35	72	2
36	72	4
37	72	-6
38	72	2
39	72	5
40	72	-3
41	72	-1
42	72	-1
43	72	-4
1	73	9
2	73	-2
3	73	6
4	73	4
5	73	10
6	73	9
7	73	10
8	73	9
9	73	-1
10	73	-2
11	73	2
12	73	3
13	73	7
14	73	-5
15	73	1
16	73	4
17	73	-1
18	73	-5
19	73	-4
20	73	-1
21	73	-1
22	73	2
23	73	2
24	73	0
25	73	-1
26	73	3
27	73	1
28	73	3
29	73	-7
30	73	9
31	73	8
32	73	9
33	73	9
34	73	-1
35	73	5
36	73	3
37	73	0
38	73	-2
39	73	4
40	73	10
41	73	10
42	73	10
43	73	-4
1	74	-4
2	74	-7
3	74	-9
4	74	-9
5	74	-5
6	74	-3
7	74	-9
8	74	-8
9	74	-6
10	74	-8
11	74	-8
12	74	-9
13	74	-8
14	74	-2
15	74	-7
16	74	-8
17	74	0
18	74	3
19	74	-1
20	74	6
21	74	5
22	74	4
23	74	3
24	74	2
25	74	-2
26	74	-1
27	74	-2
28	74	-2
29	74	-2
30	74	-6
31	74	-5
32	74	-5
33	74	-4
34	74	-2
35	74	3
36	74	4
37	74	-2
38	74	5
39	74	3
40	74	-6
41	74	-6
42	74	-6
43	74	-4
1	75	-4
2	75	-6
3	75	-2
4	75	-2
5	75	1
6	75	5
7	75	-2
8	75	2
9	75	-5
10	75	-4
11	75	0
12	75	-5
13	75	-2
14	75	-5
15	75	-2
16	75	-1
17	75	-3
18	75	-8
19	75	-7
20	75	-5
21	75	-2
22	75	-5
23	75	-4
24	75	-7
25	75	-4
26	75	-1
27	75	-4
28	75	-1
29	75	-9
30	75	-8
31	75	-8
32	75	0
33	75	0
34	75	-8
35	75	0
36	75	0
37	75	-9
38	75	0
39	75	6
40	75	5
41	75	5
42	75	9
43	75	-4
1	76	5
2	76	6
3	76	3
4	76	4
5	76	0
6	76	0
7	76	1
8	76	1
9	76	6
10	76	1
11	76	0
12	76	2
13	76	2
14	76	2
15	76	-5
16	76	-6
17	76	3
18	76	8
19	76	5
20	76	9
21	76	9
22	76	9
23	76	9
24	76	-1
25	76	7
26	76	7
27	76	7
28	76	7
29	76	6
30	76	-7
31	76	-7
32	76	4
33	76	2
34	76	-8
35	76	-2
36	76	-3
37	76	3
38	76	-3
39	76	-6
40	76	1
41	76	1
42	76	-1
43	76	-4
1	77	-4
2	77	-6
3	77	-2
4	77	0
5	77	-4
6	77	2
7	77	-6
8	77	0
9	77	-6
10	77	-5
11	77	-7
12	77	-8
13	77	-9
14	77	4
15	77	-4
16	77	-6
17	77	4
18	77	1
19	77	0
20	77	-3
21	77	-3
22	77	-6
23	77	-6
24	77	-1
25	77	-6
26	77	-7
27	77	-7
28	77	-7
29	77	-2
30	77	-4
31	77	-1
32	77	2
33	77	5
34	77	-5
35	77	-5
36	77	-3
37	77	-3
38	77	-5
39	77	-5
40	77	5
41	77	7
42	77	5
43	77	-4
1	78	5
2	78	-9
3	78	-9
4	78	-10
5	78	-8
6	78	-8
7	78	-10
8	78	-10
9	78	-9
10	78	-8
11	78	-8
12	78	-5
13	78	-7
14	78	1
15	78	-10
16	78	-10
17	78	8
18	78	-2
19	78	6
20	78	-10
21	78	-10
22	78	-10
23	78	-10
24	78	4
25	78	8
26	78	9
27	78	8
28	78	10
29	78	-1
30	78	-5
31	78	-6
32	78	-6
33	78	-6
34	78	-1
35	78	-8
36	78	-9
37	78	-6
38	78	-7
39	78	-7
40	78	-10
41	78	-10
42	78	-10
43	78	-4
1	79	9
2	79	10
3	79	-7
4	79	-9
5	79	-3
6	79	-7
7	79	-7
8	79	-9
9	79	10
10	79	9
11	79	-2
12	79	10
13	79	3
14	79	10
15	79	7
16	79	-4
17	79	10
18	79	10
19	79	10
20	79	5
21	79	-1
22	79	7
23	79	1
24	79	10
25	79	8
26	79	4
27	79	9
28	79	6
29	79	9
30	79	8
31	79	8
32	79	-7
33	79	-8
34	79	10
35	79	8
36	79	7
37	79	-9
38	79	9
39	79	10
40	79	-8
41	79	-8
42	79	-3
43	79	-4
1	80	5
2	80	-9
3	80	-5
4	80	-6
5	80	-3
6	80	-3
7	80	-6
8	80	-6
9	80	-9
10	80	-9
11	80	-7
12	80	-8
13	80	-6
14	80	-7
15	80	-7
16	80	-8
17	80	-4
18	80	-5
19	80	-6
20	80	-5
21	80	-5
22	80	-4
23	80	-4
24	80	1
25	80	-1
26	80	2
27	80	-1
28	80	2
29	80	-8
30	80	3
31	80	2
32	80	-8
33	80	-8
34	80	7
35	80	-8
36	80	-8
37	80	-10
38	80	-2
39	80	0
40	80	-4
41	80	-4
42	80	3
43	80	-4
1	81	-4
2	81	3
3	81	-1
4	81	0
5	81	-2
6	81	3
7	81	-3
8	81	1
9	81	3
10	81	2
11	81	-5
12	81	0
13	81	-6
14	81	7
15	81	-3
16	81	-9
17	81	9
18	81	7
19	81	7
20	81	2
21	81	0
22	81	0
23	81	-2
24	81	6
25	81	5
26	81	7
27	81	4
28	81	5
29	81	-1
30	81	6
31	81	7
32	81	-3
33	81	-1
34	81	6
35	81	0
36	81	2
37	81	-7
38	81	2
39	81	4
40	81	-7
41	81	-6
42	81	-4
43	81	-4
1	82	5
2	82	-3
3	82	-2
4	82	-4
5	82	6
6	82	7
7	82	2
8	82	3
9	82	-2
10	82	0
11	82	-1
12	82	0
13	82	1
14	82	1
15	82	4
16	82	6
17	82	2
18	82	-1
19	82	-1
20	82	-2
21	82	-2
22	82	-2
23	82	-1
24	82	-1
25	82	-5
26	82	-4
27	82	-4
28	82	-4
29	82	-3
30	82	-8
31	82	-7
32	82	5
33	82	4
34	82	-9
35	82	-6
36	82	-6
37	82	-5
38	82	-8
39	82	-5
40	82	-10
41	82	-10
42	82	-9
43	82	-4
1	83	-4
2	83	4
3	83	-6
4	83	-5
5	83	-6
6	83	-1
7	83	-7
8	83	-4
9	83	4
10	83	6
11	83	6
12	83	1
13	83	-3
14	83	7
15	83	0
16	83	1
17	83	1
18	83	2
19	83	6
20	83	-5
21	83	-7
22	83	-6
23	83	-7
24	83	3
25	83	3
26	83	-1
27	83	2
28	83	-4
29	83	10
30	83	4
31	83	6
32	83	0
33	83	3
34	83	3
35	83	0
36	83	3
37	83	-3
38	83	0
39	83	2
40	83	0
41	83	2
42	83	2
43	83	-4
1	84	9
2	84	5
3	84	4
4	84	1
5	84	8
6	84	6
7	84	8
8	84	5
9	84	6
10	84	5
11	84	7
12	84	8
13	84	9
14	84	4
15	84	3
16	84	0
17	84	5
18	84	2
19	84	5
20	84	-4
21	84	-1
22	84	-1
23	84	2
24	84	-6
25	84	9
26	84	6
27	84	9
28	84	9
29	84	4
30	84	10
31	84	9
32	84	9
33	84	8
34	84	5
35	84	8
36	84	8
37	84	1
38	84	4
39	84	7
40	84	8
41	84	6
42	84	6
43	84	-4
1	85	-4
2	85	7
3	85	-3
4	85	-3
5	85	6
6	85	8
7	85	2
8	85	6
9	85	7
10	85	9
11	85	3
12	85	6
13	85	0
14	85	9
15	85	6
16	85	0
17	85	8
18	85	7
19	85	8
20	85	0
21	85	-5
22	85	-2
23	85	-6
24	85	9
25	85	2
26	85	1
27	85	2
28	85	0
29	85	6
30	85	2
31	85	4
32	85	1
33	85	2
34	85	2
35	85	-3
36	85	-2
37	85	-3
38	85	-3
39	85	-2
40	85	-1
41	85	0
42	85	-1
43	85	-4